name,group,language,youtube,logo,updated
10TV News Telugu,,,video/NlnY6tCCC3A,https://yt3.ggpht.com/Gb4tcFuK50ESSfUzLh-kW0aEclU3Kll5yTIq6-oTzxlkfq68VHO2x7gJT7Z3IeLmCiG93kWGaQ,
10TV News Telugu,,,channel/UCfymZbh17_3T_UhgjkQ9fRQ,https://yt3.ggpht.com/6TgxEDCRlNcbfNSQj7DtfyHFurPnYYlYCv-8ggyh4hXcclWOZ2otMSSHjWzZepcOimjIGGH8eA,2023-07-15T20:00:45.667Z
10TV News Telugu,News India,Telugu,video/byG7EGw9NPs,https://yt3.ggpht.com/6TgxEDCRlNcbfNSQj7DtfyHFurPnYYlYCv-8ggyh4hXcclWOZ2otMSSHjWzZepcOimjIGGH8eA,2023-08-01T06:00:46.338Z
24 sports,,,channel/UCGnTP2NwS6ZJwmXBTsS2w-w,https://yt3.ggpht.com/ytc/AIf8zZQT_7Qq4BbKAs4G5trNcRUW-B35JBsGt8Fagsyw,2024-01-26T04:31:28.483Z
99TV Telugu,,,channel/UCl5YgCiwSRVOiC2Nd1P9v1A,https://yt3.ggpht.com/ytc/AIf8zZR8qc1ZqjGf_rchNDY8K9gvaI-pRS0FVifTb8nrcQ,2024-01-26T04:31:28.483Z
Aaj Tak,,,video/Nq2wYlWFucg,https://yt3.ggpht.com/ytc/AIf8zZQClLN0jBiTTyCy0G-5C-3nPe4_bNDoQZFcg-eq1No,2024-01-26T04:31:28.483Z
ABC News,,,channel/UCBi2mrWuNuyYy4gbM6fU18Q,https://yt3.ggpht.com/OOT0eq8LoW8V3PMURGYuk0kRSgRGP7EsuGZoODhHBcg1jCB1qkuIAxS-XGnjKX9Q6rf-WKTvkQ,2024-01-26T04:31:28.483Z
ABN Telugu ,,,video/Q-nSNssz3p0,https://yt3.ggpht.com/xLfD0MEsY-OM2Adud-KYaa3corga0dmHs2vahrBqCNFUPJq4pPYVO1W0xO_PQABCunuCxL6SJA,2024-01-26T04:31:28.483Z
Almagharibia TV قناة المغاربية,,,channel/UCwKS2U-DwjPZZvM6mSXPKgA,https://yt3.ggpht.com/lIm_BoMk2BkSuXGgEXyeNyXXznU9MuSjH1oHlqwUpyW5zgJLxNnQ8dKL_-065SN7GC7tRm2S,2024-01-26T04:31:28.483Z
BabyBus - Cerita \u0026 Lagu Anak-anak,,,channel/UC5v3gjCQLFeg8eBXO7ShdpQ,https://yt3.ggpht.com/ytc/AIf8zZQ01o3mrViJU-aZtch8x5NAWfLuVqyQrIeNFEiPxA,2024-01-26T04:31:28.483Z
BERNAMA TV,,,channel/UCcZg5r9hBqK_VPUT2I7eYVw,https://yt3.ggpht.com/ytc/AIf8zZQUpp3B7EIZW0qQLpqB83FJXAAF9ul2cPNyMD21lA,2024-01-26T04:31:28.483Z
BIG TV Live,,,video/ueJsgNKeq8c,https://yt3.ggpht.com/jvfA4HOgSo7vWcxeCt5_8OY4IOIDUTue6tUfeUFv1nMF8aRzHNZZCs35-aMDBYh9gm4D7IQu,2024-01-26T04:31:28.483Z
Bloomberg Quicktake,,,channel/UChirEOpgFCupRAk5etXqPaA,https://yt3.ggpht.com/67h6bB9Vlw5SpQkWek4Uk8weqxzaPNGH76sAMK4j431Jx8JlUt8mblVlTCwseeb7rDavn3yBJA,2024-01-26T04:31:28.483Z
BloombergHT,,,video/hHSmBJk6w0c,https://yt3.ggpht.com/ytc/AIf8zZRi4GOgBHbG9P8ihZFCKCGJj3havnTp9Z5MacHoXA,2024-01-26T04:31:28.483Z
BloombergHT,,,channel/UCApLxl6oYQafxvykuoC2uxQ,https://yt3.ggpht.com/ytc/AIf8zZRi4GOgBHbG9P8ihZFCKCGJj3havnTp9Z5MacHoXA,2024-01-26T04:31:28.483Z
Canciones Infantiles - LooLoo,,,video/Ubw58dlnwh0,https://yt3.ggpht.com/F6HsunAveMZzHyrkVP7PR4XE4oXzANGv0L2lBJJHFWdTQBPQRUOYv0GWYOmAf52TWZNNsWP69g,2024-01-26T04:31:28.483Z
Channel i News,,,channel/UC8NcXMG3A3f2aFQyGTpSNww,https://yt3.ggpht.com/Fw5RlqUOn5ulbepVY8VU7BfJOc2E3_FqTuAJiSsgqAkeYWwF7_8QQjsbtvTAHpQGskYIh--WrQ,2024-01-26T04:31:28.483Z
Citizen Extra,,,channel/UClLuu9p9zMmE4TDg8s2E2cQ,https://yt3.ggpht.com/vMcZ-mKWJctw9O8eP53NemI-iJfrA1iTOzhgclscPGc3s4IS1wv-q2BurXKlBiZuY4bljGy_,2024-01-26T04:31:28.483Z
DD India,,,video/c0HOSjlniKs,https://yt3.ggpht.com/5UnQaENeR3Y9WgYc94GCLzByBaweS-SlFFfjsIvPm_yWD0QOWs94EqmI-6GWhrd5S05DyWme,2024-01-26T04:31:28.483Z
DD News,,,channel/UCKwucPzHZ7zCUIf7If-Wo1g,https://yt3.ggpht.com/SWNN1d7b5gNd4JvnmP3MkN8B-LBqDrCKkal_FrToeWbxcJ4UYGRsuko1DrfNMidcbUnEmG33VA,2024-01-26T04:31:28.483Z
Disco Music,,,channel/UCLo_UlgP6CF8sgAjkDM3gJw,https://yt3.ggpht.com/ytc/AIf8zZQR-ynAN0_lHRpChtvxO3sP6KivkK1SZngWxhnC,2024-01-26T04:31:28.483Z
Doordarshan National,,,video/xYiPVt23iiQ,https://yt3.ggpht.com/CX3lyzNXEV-TzoGD84MvHPzpBsZ2RW5_WNZXqtk-oiczee78Kv2tZsnnMJDfICOJdqas5Pvuyw,2024-01-26T04:31:28.483Z
Ekattor TV,,,channel/UCtqvtAVmad5zywaziN6CbfA,https://yt3.ggpht.com/KoJ2pT4X6j0kPf8g8MRv5MaRVR_ZRW18Fyb_U0U7azCr10kQEtpY5GIz3M9GZ0ZQazfGaP9I,2024-01-26T04:31:28.483Z
EKHON TV,,,channel/UCWVqdPTigfQ-cSNwG7O9MeA,https://yt3.ggpht.com/oG8z-BPo2bbfUxta79CTDiK0PLBJMp329D0v3aJTT44F8YAP1SwYBfL9pC2fTVljqkdlHMZUOpw,2024-01-26T04:31:28.483Z
ETV Telangana,,,video/tWsm6wkScBo,https://yt3.ggpht.com/3eMz2ePLhVmre6X5oA_2Q6WOmYYW4xMaD2czPYtXC79JlK-sSAFJ7hiWp9Kx1cH7YMWmJi9Xw80,2024-01-26T04:31:28.483Z
Express News,,,channel/UCTur7oM6mLL0rM2k0znuZpQ,https://yt3.ggpht.com/N-QE1Wh-6881bcPsg3722zLo_e9ZsforR4m01rRG21QTYnWI2YFiXrw5qj9cOf_PribckLE8yQ,2024-01-26T04:31:28.483Z
Gabon 24,,,channel/UC7E__Dp9FSIgt6iMa5_uvlw,https://yt3.ggpht.com/6hYz1o3RdUxQ_0yL0dodfXqTTI9kCPxQecISZb9ewMjGrdhMfB6wCud9vihroQw3p41JojYt,2024-01-26T04:31:28.483Z
GNN,,,channel/UC35KuZBNIj4S5Ls0yjY-UHQ,https://yt3.ggpht.com/ytc/AIf8zZSlFskHpiZZM6J_amiRGaUNFSyXjsLRcDEmeTdoOA,2024-01-26T04:31:28.483Z
hmtv News,,,video/Li1ZA566CIo,https://yt3.ggpht.com/UTRQE2BLwtLV8Z86Bn1YgOGACFne0YiyYNrQHP2gnO7cGb95aqG0OYo6Z4rMMFm9YzC9pTHIttM,2024-01-26T04:31:28.483Z
INEWS LIVE,,,channel/UC4gDz0qb-cJYXGmk0eeUsxw,https://yt3.ggpht.com/1KyHkOXe_FvJkgRFmvjRt_PwT2R0XZmR28ZZ7kzMei2_b-D74hP3ZStj_-9NMkx9AFaBmlKU,2024-01-26T04:31:28.483Z
Jamuna TV,,,channel/UCN6sm8iHiPd0cnoUardDAnw,https://yt3.ggpht.com/ytc/AIf8zZRBiz8SIE7yKwtLuUeacpqJ9MKZ_4eUJTl6yWfbVQ,2024-01-26T04:31:28.483Z
Joy Prime TV,,,channel/UC9hyY_wWSJnkUKPfrfOP4dQ,https://yt3.ggpht.com/B_hJINaTZbyhoYtTmOmoJOYd66BnfjTExIICq5yjkYu6Bq7hHEyGCl3hp72HSVG0_0-QJ1cC,2024-01-26T04:31:28.483Z
KOMPASTV,,,channel/UC5BMIWZe9isJXLZZWPWvBlg,https://yt3.ggpht.com/ytc/AIf8zZTVT6YVqUnyZdKEEtnmuOVVSK45or2xXulOfmVB-w,2024-01-26T04:31:28.483Z
LIVE NOW,,,channel/UC4K_LI-Tn3-LshNgG0-YypQ,https://yt3.ggpht.com/ytc/AIf8zZQ5rWhD71GfPlB4rDO2ppTJUQBFSatMHZoa9-R_Wg,2024-01-26T04:31:28.483Z
Marhaban TV,,,channel/UC7ijSJ_SyRqg_MqoGedoZTA,https://yt3.ggpht.com/0NUN7KOLuTrMOoShQo36ywZNEdtqOgi19ISkQq_TXmapMz8WlG8rI2Et82s93GLTRWYTbh64Gw,2024-01-26T04:31:28.483Z
MBS NEWS,,,channel/UCkKJhKO73xF1pK5h9R82ZGQ,https://yt3.ggpht.com/BpY8Ub7K4qvUQjc-KmXuluH6vQzJssZDXWse0zesaSQeUDdPz4NqbltOws3zz5rUGOlyo1U6ew,2024-01-26T04:31:28.483Z
Media Sunnah Aceh TV,,,channel/UCem4zrffr93cp-o8cOPDhdQ,https://yt3.ggpht.com/_4dCoRviXAgeiMdwyXqffDZS7IEUZTK959-Pe5lP3N_o1k4W5Xo4T1E9XK00bIXUViPinpGGvg,2024-01-26T04:31:28.483Z
Narendra Modi,,,video/1xi5_OOPM-I,https://yt3.ggpht.com/iogG8RVPb49OyvLtnJJ61ltWouozunOuFN94GhByYUDZiMCNpjjDTVJtc8-hUAHk-uN8MrQyC1o,2024-01-26T04:31:28.483Z
Nature SFX,,,video/UiJEGNONbzo,https://yt3.ggpht.com/GXT4nNQwo_9FkCjTw-Prcuy1ABOJHKvA3_E_aJHPIxDdAb5wf3Tewp6gkB91swFAH9bba3z44-Q,2024-01-26T04:31:28.483Z
NewsTamil 24X7,,,channel/UCtbo6_eDG7zEtaOtcSltJkA,https://yt3.ggpht.com/YMbzihGGFcyiQE1PLZgBpgnMukFcDv28Mi63kk7AVXwQMNgYsSNXKY56dWbmjJmwToJV58oO,2024-01-26T04:31:28.483Z
Northgate Gonzalez Market,,,video/AoUrCB1lOJQ,https://yt3.ggpht.com/ytc/AIf8zZSHrq3RujbjyNPtdvoZRkG8A3sv5LDf4l7iVXlbPw,2024-01-26T04:31:28.483Z
NTV Telugu,,,video/L0RktSIM980,https://yt3.ggpht.com/ytc/AIf8zZTLF-8kNisXN27VYXTPhtaGQFc52RjEXiCA8gFkCg,2024-01-26T04:31:28.483Z
Phát Triển Đà Nẵng,,,video/CXhkF6d9ahw,https://yt3.ggpht.com/ytc/AIf8zZSznAXZpNoupo3Ewrk01yxBcPfo1xoONsrgRRK1,2024-01-26T04:31:28.483Z
Polimer News,,,video/ePVKhbnwXgU,https://yt3.ggpht.com/ytc/AIf8zZREBaXvTuwO_HUSLwLJ0DEU2Vx4eKf-HEsURqbOMSM,2024-01-26T04:31:28.483Z
Polimer News,,,channel/UC8Z-VjXBtDJTvq6aqkIskPg,https://yt3.ggpht.com/ytc/AIf8zZREBaXvTuwO_HUSLwLJ0DEU2Vx4eKf-HEsURqbOMSM,2024-01-26T04:31:28.483Z
PuthiyathalaimuraiTV,,,channel/UCmyKnNRH0wH-r8I-ceP-dsg,https://yt3.ggpht.com/PaXj0o9oHCnh6lUeaLURUmxTccEuLSWejfGFZhYNwsgjcz7bxxLEsk2f0cY_7j-hxsOg5Jq18KA,2024-01-26T04:31:28.483Z
Raj News Tamil,,,channel/UC1mkFVHzP87YQ87PSMxo9MQ,https://yt3.ggpht.com/ytc/AIf8zZTc2ESsi_SctqEFPljLYuaJEF_yCjUC_lsNGm35,2024-01-26T04:31:28.483Z
RasyaadTv Live Streaming,,,channel/UCotIkyDFzztbSm21GNGsK9w,https://yt3.ggpht.com/X4efhQYuHPfQzIA5ZCthfv5NJ4JdiLa4qcx4w5krTCfkLCiaQ_Yak7bsB0Q849MLAGccv8v3kQ,2024-01-26T04:31:28.483Z
Relaxation Ambient Music,,,video/E5WpblyBR38,https://yt3.ggpht.com/ytc/AIf8zZTfEOuT4m0qs0Apg7R18_COlCjeKtwY9N0_mMGn7w,2024-01-26T04:31:28.483Z
Relaxation Ambient Music,,,video/tNkZsRW7h2c,https://yt3.ggpht.com/ytc/AIf8zZTfEOuT4m0qs0Apg7R18_COlCjeKtwY9N0_mMGn7w,2024-01-26T04:31:28.483Z
Replay Lima Peru,,,video/Dgc-nMReYI4,https://yt3.ggpht.com/ytc/AIf8zZSHJmM2n1GWS8P3IFTxlx2oYyftaR8As1_tecVR,2024-01-26T04:31:28.483Z
Rifqan TV,,,channel/UCkrLd1cy4AUOp1pAdu1Ru7Q,https://yt3.ggpht.com/ytc/AIf8zZTKifYQGpSDTn6pJKUsyvmwKyPNpNixtFFOATkl,2024-01-26T04:31:28.483Z
Sakshi TV Live,,,channel/UCQ_FATLW83q-4xJ2fsi8qAw,https://yt3.ggpht.com/nBmVaILJGh-_4VCJgjRpOSgciWTMgf3A2-xdR4ORzs4mHXXL5sa298IQA9vL-3pxsvZvsF67nQ,2024-01-26T04:31:28.483Z
Sakshi TV Live,,,video/8McTsOqeueE,https://yt3.ggpht.com/nBmVaILJGh-_4VCJgjRpOSgciWTMgf3A2-xdR4ORzs4mHXXL5sa298IQA9vL-3pxsvZvsF67nQ,2024-01-26T04:31:28.483Z
Salangpur Hanumanji - Official,,,video/2Nj9KMTtjZM,https://yt3.ggpht.com/RxO6mPfPvdfBuUyhbnfZ2hMcIgUnYzZAPL9jpBqmfuSmWZ_CPJzk36IEvMiFjhYkOm7RUu11yvs,2024-01-26T04:31:28.483Z
Sathiyam News,,,channel/UC2ziCMHFPWkFHjocUMXT__Q,https://yt3.ggpht.com/Ik3laBjMjDQgnaFkhebSRRBWI4ffYZPW7Tu8Bl7-dRtIkq42L_EySRlBnatVqQQOQ8XErtIm,2024-01-26T04:31:28.483Z
SOMOY TV,,,channel/UCxHoBXkY88Tb8z1Ssj6CWsQ,https://yt3.ggpht.com/dcx8BUs_aHDYkGkTVhHpORuF1MOHI6ZM5AdG9pe9gm9Q_atfhEuq_-mO8l1h5q8qJZzlUzWSgw,2024-01-26T04:31:28.483Z
Sun News,,,channel/UCYlh4lH762HvHt6mmiecyWQ,https://yt3.ggpht.com/ytc/AIf8zZSfw12ZayMMhMW3tbafb2Mq4KNBM3uveHshfq0CSQ,2024-01-26T04:31:28.483Z
Syafiq Riza Basalamah Official,,,channel/UC3_QdDQnRVRDJzq56JTO_Zw,https://yt3.ggpht.com/ytc/AIf8zZT8FGt8XxBloC7n-cA14OJXbmytNm9Zscc7o2uk,2024-01-26T04:31:28.483Z
Tarbiyah Sunnah Channel,,,channel/UCM73P3XvOfj0HjC97KKYW5g,https://yt3.ggpht.com/ytc/AIf8zZTwqwbeJRFJC3oKBIETm7i2ND2GhAjNUkcMzjYRFw,2024-01-26T04:31:28.483Z
Thanthi TV,,,channel/UC-JFyL0zDFOsPMpuWu39rPA,https://yt3.ggpht.com/ytc/AIf8zZTN0YzEzDpxyCwfAXA2aXgpoppIiwAz_zE5boRh_rI,2024-01-26T04:31:28.483Z
The official channel of KSA Qur’an TV ,,,channel/UCos52azQNBgW63_9uDJoPDA,https://yt3.ggpht.com/ytc/AIf8zZSN3LaDRoN-NJrgDkbUf31zduOb2xF5JQxkXnkE4g,2024-01-26T04:31:28.483Z
Todo Noticias,,,video/cb12KmMMDJA,https://yt3.ggpht.com/xmtKSyua-A54JzaZRXWtrQDVXmY87abFUXVpzRMgv42QZ7EdP9ZcntY8eWmhIeP6HBBqn6SQPw,2024-01-26T04:31:28.483Z
TV5 News ,,,channel/UCAR3h_9fLV82N2FH4cE4RKw,https://yt3.ggpht.com/Hz0ZWAZq64ouDXsGnGv9h1cG6wezsPuYowayytoEVchaYErA8k08WWfA5ox35jJ0hRgn4oBkHg,2024-01-26T04:31:28.483Z
TV9 Telugu Live,,,video/II_m28Bm-iM,https://yt3.ggpht.com/ytc/AIf8zZSzUyJJgeEeX4gKioGWRdxfZJzzwlGXaONj-1-nNw,2024-01-26T04:31:28.483Z
tvOneNews ,,,channel/UCER4rvDnRBPr_ncYW4UCZjg,https://yt3.ggpht.com/ri6EHwA3ihlmWwrWsPN_rWeHkClwd5xkt7_SQ-cfDrA-UdOdOD7z0gDGgIHLF2Ryo1x00x1U,2024-01-26T04:31:28.483Z
UFA Live 24,,,channel/UCSfNcvSwqOfA33QYkzZfB-g,https://yt3.ggpht.com/km69ZFm2OLq8WteY3aGBbXGHrsJB7aU6m_n4iIcFO47q44oU12fo4oar53CF3KH7DAY9F-F81w,2024-01-26T04:31:28.483Z
V6 News Telugu,,,video/_xtceKvlVYQ,https://yt3.ggpht.com/ytc/AIf8zZSVcpA5Hlxxs8SM4X489lE9sHd3UEiry7jDNmjM3bI,2024-01-26T04:31:28.483Z
قناة السنة النبوية,,,channel/UCROKYPep-UuODNwyipe6JMw,https://yt3.ggpht.com/ytc/AIf8zZQATKpiQUj8iykX0A80rh4hIe4xhOqKTtOqO-peqw,2024-01-26T04:31:28.483Z
قناة بلقيس الفضائية Belqees TV,,,channel/UCxA_zZwALQMmVMSZyLKC-Nw,https://yt3.ggpht.com/ytc/AIf8zZQ3b8AmqsJHyQilHqSgXqJu1_VCBGpo3H6QDl9m1Q,2024-01-26T04:31:28.483Z
